[
    {
        "name": "Night mode \ud83c\udf19",
        "devices": {
            "wled_device": {
                "power": "OFF"
            },
            "tasmota2_device": {
                "power": "OFF"
            },
            "openbeken_device": {
                "power": "ON",
                "color": {
                    "r": 46,
                    "g": 19,
                    "b": 0
                },
                "brightness": 100
            }
        }
    },
    {
        "name": "pink",
        "devices": {
            "wled_device": {
                "power": "ON",
                "color": {
                    "r": 0,
                    "g": 255,
                    "b": 255
                },
                "brightness": 100
            },
            "tasmota2_device": {
                "power": "ON",
                "color": {
                    "r": 255,
                    "g": 0,
                    "b": 107
                },
                "brightness": 100
            },
            "openbeken_device": {
                "power": "ON",
                "color": {
                    "r": 255,
                    "g": 0,
                    "b": 107
                },
                "brightness": 100
            }
        }
    },
    {
        "name": "red",
        "devices": {
            "wled_device": {
                "power": "ON",
                "color": {
                    "b": 0,
                    "g": 0,
                    "r": 255
                },
                "brightness": 100
            },
            "tasmota2_device": {
                "power": "ON",
                "color": {
                    "b": 0,
                    "g": 107,
                    "r": 255
                },
                "brightness": 100
            },
            "openbeken_device": {
                "power": "ON",
                "color": {
                    "r": 255,
                    "g": 15,
                    "b": 15
                },
                "brightness": 100
            }
        }
    },
    {
        "name": "Orange",
        "devices": {
            "wled_device": {
                "power": "ON",
                "color": {
                    "r": 255,
                    "g": 71,
                    "b": 46
                },
                "brightness": 100
            },
            "tasmota2_device": {
                "power": "ON",
                "color": {
                    "r": 255,
                    "g": 61,
                    "b": 0
                },
                "brightness": 100
            },
            "openbeken_device": {
                "power": "ON",
                "color": {
                    "r": 54,
                    "g": 0,
                    "b": 143
                },
                "brightness": 100
            }
        }
    }
]